"","cell","date_start","date_end","lon","lat","dpto","dstr","date_hrvs","month_floracion","cos_kgha_1","cos_kgha_2"
"1",30398,2022-03-12,2022-03-12,-79.4745353,-6.0915894,"Lambayeque","Kañariz",2016-03-15,"agosto",552,552
"2",30398,2022-03-12,2022-03-12,-79.4751673,-6.090494,"Lambayeque","Kañaris",2015-02-12,"octubre",552,828
"3",30398,2022-03-12,2022-03-12,-79.4758062,-6.0848778,"Lambayeque","Kañaris",2014-01-14,"septiembre",515.016,772.8
"4",30651,2022-03-13,2022-03-13,-79.475172,-6.103797,"Lambayeque","Salas",2019-08-04,"julio",220.8,552
"5",30398,2022-03-13,2022-03-13,-79.4779552,-6.0979908,"Lambayeque","Salas",2018-03-15,"septiembre",165.6,165.6
"6",30398,2022-03-13,2022-03-13,-79.4797403,-6.0964958,"Lambayeque","Salas",2016-03-11,"septiembre",276,386.4
"7",30651,2022-03-13,2022-03-14,-79.4693444,-6.1010123,"Lambayeque","Salas",2012-03-08,"septiembre",276,828
"8",30398,2022-03-12,2022-03-14,-79.4794412,-6.0865895,"Lambayeque","Kañaris",2018-01-10,"septiembre",441.6,331.2
"9",30398,2022-03-12,2022-03-14,-79.4799435,-6.0865345,"Lambayeque","Kañaris",2017-01-09,"septiembre",1226.544,1104
"10",30398,2022-03-12,2022-03-14,-79.4802964,-6.0876904,"Lambayeque","Kañaris",2017-01-11,"septiembre",287.04,717.6
"11",30398,2022-03-12,2022-03-12,-79.4780967,-6.0887497,"Lambayeque","Kañaris",2017-01-12,"septiembre",1104,552
"12",30398,2022-03-12,2022-03-12,-79.4779906,-6.0884808,"Lambayeque","Kañaris",2017-02-08,"septiembre",1330,276
"13",30398,2022-03-13,2022-03-13,-79.4730876,-6.0988009,"Lambayeque","Salas",2012-02-08,"septiembre",699.384,1048.8
"14",30398,2022-03-13,2022-03-13,-79.473691,-6.0978441,"Lambayeque","Salas",2014-01-16,"septiembre",1104,552
"15",30398,2022-03-13,2022-03-13,-79.4727511,-6.0971762,"Lambayeque","Salas",2010-02-04,"septiembre",956.616,717.6
"16",30398,2022-03-13,2022-03-13,-79.4723875,-6.0990251,"Lambayeque","Salas",2009-01-15,"septiembre",515.016,386.4
"17",30904,2022-03-13,2022-03-13,-79.48587,-6.1500633,"LAMBAYEQUE","SALAS",2015-01-15,"noviembre",1104,1104
"18",30904,2022-03-13,2022-03-16,-79.4945266,-6.1709156,"Lambayeque","Salas",NA,"septiembre",165.6,165.6
"19",31156,2022-03-15,2022-03-16,-79.5191317,-6.2210151,"Lambayeque","Salas",NA,"septiembre",1324.8,331.2
"20",30650,2022-03-14,2022-03-16,-79.5161168,-6.1296078,"Lambayeque","Salas",NA,"septiembre",441.6,441.6
"21",30650,2022-03-14,2022-03-16,-79.5145571,-6.130407,"Lambayeque","Salas",2022-03-14,"septiembre",552,1104
"22",30650,2022-03-14,2022-03-16,-79.5169829,-6.1293823,"Lambayeque","Salas",NA,"septiembre",331.2,331.2
"23",30904,2022-03-16,2022-03-16,-79.483975,-6.169878,"Lambayeque","Salas",NA,"octubre",220.8,165.6
"24",30904,2022-03-16,2022-03-16,-79.4863594,-6.170851,"Lambayeque","Salas",NA,"septiembre",662.4,662.4
"25",30144,2022-03-17,2022-03-17,-79.5410049,-6.0062724,"Lambayeque","Cañaris",2015-01-16,"septiembre",2628.624,1656
"26",30144,2022-03-17,2022-03-17,-79.5405314,-6.0048699,"Lambayeque","Cañaris",2015-01-15,"septiembre",1656,1656
"27",30144,2022-03-16,2022-03-16,-79.5433841,-6.0016956,"Lambayeque","Kañaris",2012-03-16,"septiembre",441.6,441.6
"28",30144,2022-03-16,2022-03-16,-79.5351902,-6.0023766,"Lambayeque","Kañaris",2017-01-18,"septiembre",717.6,717.6
"29",30144,2022-03-16,2022-03-17,-79.5333097,-6.0028035,"Lambayeque","Cañaris",2011-02-02,"septiembre",717.6,1435.2
"30",25841,2022-03-16,2022-03-17,-79.6398871,-5.1967754,"Piura","Lalaquiz",2017-01-02,"octubre",552,1656
"31",25841,2022-03-16,2022-03-17,-79.6418958,-5.193355,"Piura","Lalaquiz",2015-02-11,"octubre",1435.2,2870.4
"32",25841,2022-03-16,2022-03-17,-79.6418491,-5.19337,"Piura","Lalaquiz",1997-03-16,"octubre",3036,3036
"33",25841,2022-03-16,2022-03-16,-79.6471325,-5.1961789,"Piura","Lalaquiz",2012-01-02,"octubre",1490.4,1490.4
"34",25841,2022-03-17,2022-03-17,-79.6425408,-5.1968413,"Piura","Lalaquiz",2016-03-17,"octubre",1280.64,3201.6
"35",25841,2022-03-17,2022-03-17,-79.6431388,-5.1965138,"Piura","Lalaquiz",2012-06-01,"septiembre",761.76,69
"36",25841,2022-03-17,2022-03-17,-79.6438448,-5.1959524,"Piura","Lalaquiz",2015-03-17,"octubre",735.816,2208
"37",25841,2022-03-17,2022-03-17,-79.6439938,-5.195669,"Piura","Lalaquiz",2017-03-17,"octubre",1048.8,2097.6
"38",25841,2022-03-17,2022-03-17,-79.6449932,-5.1918715,"Piura","Lalaquiz",2018-03-17,"octubre",552,552
"39",25841,2022-03-16,2022-03-17,-79.6420577,-5.1934427,"Piura","Lalaquiz",2012-01-02,"septiembre",1490,1490
"40",30651,2022-03-15,2022-03-16,-79.4856172,-6.1493757,"LAMBAYEQUE","SALAS",2015-02-11,"septiembre",312.432,165.6
"41",30651,2022-03-16,2022-03-17,-79.4805503,-6.1480071,"LAMBAYEQUE","SALAS",2014-02-05,"octubre",2365.872,828
"42",30904,2022-03-16,2022-03-18,-79.4900265,-6.1737459,"Lambayeque","Salas",NA,"septiembre",883.2,220.8
"43",30904,2022-03-16,2022-03-18,-79.4909136,-6.1699529,"Lambayeque","Salas",NA,"septiembre",1104,828
"44",30904,2022-03-16,2022-03-18,-79.4932626,-6.1708001,"Lambayeque","Salas",NA,"septiembre",662.4,165.6
"45",30904,2022-03-18,2022-03-18,-79.4979328,-6.1726837,"Lambayeque","Salas",NA,"septiembre",441.6,441.6
"46",25841,2022-03-18,2022-03-18,-79.6376085,-5.1933168,"Piura","Lalaquiz",2010-06-01,"octubre",524.4,2097.6
"47",25841,2022-03-18,2022-03-18,-79.6374661,-5.1931454,"Piura","Lalaquiz",2012-03-18,"septiembre",2907.384,79
"48",25841,2022-03-18,2022-03-18,-79.6409095,-5.1906492,"Piura","Lalaquiz",2008-03-18,"octubre",552,1104
"49",25841,2022-03-18,2022-03-18,-79.6410789,-5.1913034,"Piura","Lalaquiz",2010-03-18,"octubre",966,70
"50",25841,2022-03-18,2022-03-18,-79.6431838,-5.1927524,"Piura","Lalaquiz",2012-03-18,"octubre",1419.192,90
"51",30904,2022-03-18,2022-03-18,-79.4954578,-6.1789651,"Lambayeque","Salas",NA,"septiembre",1104,276
"52",30904,2022-03-18,2022-03-18,-79.4956826,-6.1786746,"Lambayeque","Salas",NA,"septiembre",552,276
"53",30904,2022-03-18,2022-03-18,-79.4999313,-6.1756214,"Lambayeque","Salas",NA,"septiembre",552,276
"54",30904,2022-03-18,2022-03-18,-79.4987488,-6.1770646,"Lambayeque","Salas",NA,"septiembre",1987.2,993.6
"55",30651,2022-03-15,2022-03-17,-79.4863129,-6.1480159,"LAMBAYEQUE","SALAS",2017-01-26,"noviembre",331.2,165.6
"56",30651,2022-03-17,2022-03-17,-79.4742824,-6.146841,"LAMBAYEQUE","SALAS",2016-01-20,"noviembre",331.2,331.2
"57",30651,2022-03-17,2022-03-17,-79.4773579,-6.1483269,"LAMBAYEQUE","SALAS",2016-02-02,"noviembre",386.4,386.4
"58",30651,2022-03-18,2022-03-18,-79.4792566,-6.1378972,"LAMBAYEQUE","SALAS",2012-02-01,"octubre",515.016,386.4
"59",30651,2022-03-18,2022-03-18,-79.4800093,-6.1407453,"LAMBAYEQUE","SALAS",2015-01-23,"septiembre",552,276
"60",30651,2022-03-18,2022-03-18,-79.4793864,-6.1438906,"LAMBAYEQUE","SALAS",2012-03-02,"octubre",515.016,386.4
"61",30398,2022-03-12,2022-03-17,-79.4758522,-6.0802395,"Lambayeque","Kañaris",2016-01-04,"septiembre",1472.184,1104
"62",30398,2022-03-13,2022-03-17,-79.4738383,-6.0973668,"Lambayeque","Salas",2017-01-11,"septiembre",368.184,276
"63",30144,2022-03-17,2022-03-17,-79.5373913,-6.0037384,"Lambayeque","Kañaris",2015-05-07,"septiembre",662.4,662.4
"64",30144,2022-03-18,2022-03-18,-79.5236383,-6.0223267,"Lambayeque","Kañaris",2016-01-07,"septiembre",1380,1380
"65",30144,2022-03-18,2022-03-18,-79.5340105,-6.0170188,"Lambayeque","Kañaris",2015-03-19,"septiembre",1615.704,1656
"66",25841,2022-03-19,2022-03-19,-79.647489,-5.1989949,"Piura","Lalaquiz",2012-03-19,"octubre",634.8,1269.6
"67",25841,2022-03-19,2022-03-19,-79.6497136,-5.1999799,"Piura","Lalaquiz",2016-03-19,"septiembre",552,552
"68",26094,2022-03-19,2022-03-19,-79.6487838,-5.2014065,"Piura","Lalaquiz",2010-03-19,"septiembre",414,828
"69",26094,2022-03-19,2022-03-19,-79.6473017,-5.2013996,"Piura","Lalaquiz",2014-03-19,"septiembre",303.6,607.2
"70",26094,2022-03-19,2022-03-19,-79.6468229,-5.201452,"Piura","Lalaquiz",2016-03-19,"septiembre",1104,2760
"71",57821,2022-03-18,2022-03-19,-74.53896,-11.4696962,"Junin","Pangoa",2012-02-02,"septiembre",483,77
"72",30651,2022-03-15,2022-03-19,-79.4847854,-6.1471175,"LAMBAYEQUE","SALAS",2017-02-03,"septiembre",552,552
"73",30651,2022-03-18,2022-03-19,-79.4764437,-6.144688,"LAMBAYEQUE","SALAS",2015-02-19,"septiembre",220.8,165.6
"74",25841,2022-03-21,2022-03-21,-79.6494811,-5.1789391,"Piura","Lalaquiz",2018-03-21,"septiembre",1656,3312
"75",25841,2022-03-21,2022-03-21,-79.6455149,-5.1852267,"Piura","Lalaquiz",2015-03-21,"octubre",828,1656
"76",25841,2022-03-21,2022-03-21,-79.6456496,-5.1858138,"Piura","Lalaquiz",2015-01-01,"septiembre",1104,2760
"77",25841,2022-03-21,2022-03-21,-79.6445914,-5.1868639,"Piura","Lalaquiz",2017-03-21,"septiembre",552,1104
"78",25841,2022-03-21,2022-03-21,-79.6451506,-5.1889927,"Piura","Lalaquiz",2017-03-21,"septiembre",717.6,65
"79",30145,2022-03-20,2022-03-21,-79.4850761,-6.0380095,"Lambayeque","Salas",2019-04-11,"septiembre",552,276
"80",30145,2022-03-20,2022-03-20,-79.4852518,-6.0386035,"Lambayeque","Salas",2017-12-14,"septiembre",331.2,331.2
"81",30145,2022-03-20,2022-03-20,-79.4999957,-6.0203527,"Lambayeque","Salas",2017-12-21,"septiembre",1104,552
"82",30144,2022-03-20,2022-03-21,-79.5003693,-6.0288315,"Lambayeque","Salas",2017-01-19,"septiembre",828,828
"83",30145,2022-03-21,2022-03-21,-79.4989393,-6.0341339,"Lambayeque","Distrito",2017-01-05,"septiembre",1104,276
"84",30144,2022-03-19,2022-03-21,-79.510136,-6.0237771,"Lambayeque","Kañaris",2011-01-10,"septiembre",1104,552
"85",30651,2022-03-20,2022-03-20,-79.4759073,-6.1477157,"LAMBAYEQUE","SALAS",2012-01-20,"octubre",165.6,165.6
"86",29891,2022-03-16,2022-03-16,-79.5497292,-5.9991168,"Lambayeque","Kañaris",2011-04-07,"octubre",118.128,165.6
"87",29890,2022-03-16,2022-03-16,-79.5500379,-5.9999216,"Lambayeque","Kañaris",2015-04-09,"octubre",662.4,331.2
"88",30143,2022-03-16,2022-03-16,-79.5506558,-6.0021277,"Lambayeque","Kañaris",2019-08-03,"septiembre",0,0
"89",30144,2022-03-17,2022-03-17,-79.5464452,-6.0033431,"Lambayeque","Kañaris",2016-12-25,"octubre",2646.84,1932
"90",30144,2022-03-17,2022-03-17,-79.5481431,-6.0052818,"Departamento","Kañariz",2017-12-14,"septiembre",662.4,331.2
"91",30144,2022-03-17,2022-03-17,-79.5486167,-6.0029127,"Lambayeque","Kañaris",2015-04-16,"septiembre",1380,1380
"92",30144,2022-03-17,2022-03-17,-79.5435584,-6.0047252,"Lambayeque
","Kañaris",2017-05-07,"septiembre",227.424,772.8
"93",30144,2022-03-17,2022-03-17,-79.5440184,-6.0049471,"Lambayeque","Kañaris",2011-05-04,"septiembre",2208,552
"94",30144,2022-03-17,2022-03-17,-79.5456166,-6.0081212,"Lambayeque @@","Kañaris",2010-02-01,"octubre",735.816,1104
"95",30144,2022-03-17,2022-03-17,-79.5433379,-6.0097688,"Lambayeque","Kañaris",2016-05-03,"octubre",1104,1104
"96",30144,2022-03-18,2022-03-18,-79.5322448,-6.0044417,"Lambayeque","Kañaris",2012-04-06,"octubre",828,1656
"97",30144,2022-03-18,2022-03-18,-79.53636,-6.0086867,"Lambayeque","Kañaris",2015-04-02,"octubre",993.6,496.8
"98",30144,2022-03-18,2022-03-18,-79.5382082,-6.0089879,"Lambayeque","Kañaris",2015-12-01,"septiembre",828,828
"99",30144,2022-03-18,2022-03-18,-79.5307218,-6.0171816,"Lambayeque","Kañaris",2015-04-01,"octubre",2365.872,1656
"100",30144,2022-03-18,2022-03-18,-79.5348366,-6.0176192,"Lambayeque","Kañaris",2009-03-08,"octubre",1361.784,2042.4
"101",30144,2022-03-19,2022-03-19,-79.5099874,-6.0216968,"Lambayeque","Kañaris",1990-03-01,"septiembre",276,276
"102",30144,2022-03-19,2022-03-20,-79.5037432,-6.0190102,"Lambayeque","Salas",2009-04-01,"octubre",220.8,220.8
"103",30144,2022-03-19,2022-03-20,-79.5067113,-6.023347,"Lambayeque","Salas",2019-03-01,"noviembre",0,0
"104",30144,2022-03-20,2022-03-20,-79.5079235,-6.0232817,"Lambayeque","Salas",2002-03-20,"octubre",276,276
"105",30144,2022-03-20,2022-03-20,-79.5053115,-6.0210808,"Lambayeque","Salas",2015-04-01,"octubre",110.4,1000
"106",30144,2022-03-20,2022-03-20,-79.5033433,-6.0213618,"Lambayeque","Salas",2006-04-01,"octubre",441.6,220.8
"107",30144,2022-03-20,2022-03-20,-79.503413,-6.0189521,"Lambayeque","Salas",2015-03-01,"octubre",110.4,1000
"108",30144,2022-03-20,2022-03-20,-79.5015848,-6.0189912,"Lambayeque","Salas",2016-03-01,"octubre",552,276
"109",30651,2022-03-18,2022-03-22,-79.4747019,-6.1457156,"LAMBAYEQUE","SALAS",2007-02-15,"noviembre",441.6,441.6
"110",57315,2022-03-18,2022-03-22,-74.5043963,-11.3737973,"Junin","Pangoa",2015-02-04,"octubre",1092.96,99
"111",57821,2022-03-18,2022-03-22,-74.5470945,-11.4808004,"Junin","Pangoa",2014-01-10,"septiembre",354.936,90
"112",57821,2022-03-18,2022-03-21,-74.5441846,-11.4945635,"Junin","Pangoa",2014-04-02,"octubre",1472.184,80
"113",57821,2022-03-19,2022-03-22,-74.5271726,-11.4841208,"Junin","Pangoa",2013-12-12,"septiembre",552,1656
"114",57821,2022-03-19,2022-03-22,-74.5347317,-11.4943936,"Junin","Pangoa",2013-04-16,"septiembre",735.816,2208
"115",57822,2022-03-19,2022-03-22,-74.4791126,-11.4750277,"Junín","Pangoa",2013-02-11,"septiembre",592.296,3256.8
"116",57821,2022-03-21,2022-03-22,-74.5133942,-11.4995874,"Junín","Pangoa",2015-02-02,"octubre",725.328,2539.2
"117",58074,2022-03-21,2022-03-22,-74.5129663,-11.5203992,"Junín","Pangoa",2014-01-20,"octubre",717.6,1435.2
"118",58074,2022-03-21,2022-03-21,-74.5060597,-11.5028653,"Junín","Pangoa",2012-02-13,"octubre",654.12,77
"119",58836,2022-03-21,2022-03-21,-74.3724723,-11.6984401,"Junín","Pangoa",2014-01-22,"septiembre",1025.064,65
"120",58836,2022-03-21,2022-03-21,-74.39224,-11.6637888,"Junín","Pangoa",2016-02-16,"octubre",1451.208,92
"121",58583,2022-03-21,2022-03-21,-74.3705236,-11.6488181,"Junín","Pangoa",2014-01-27,"octubre",386.4,772.8
"122",58328,2022-03-22,2022-03-22,-74.4724053,-11.5512504,"Junín","Pangoa",2013-01-14,"agosto",883.2,883.2
"123",58328,2022-03-22,2022-03-22,-74.4785604,-11.5517109,"Junin","Pangoa",2013-02-11,"agosto",122.544,552
"124",58328,2022-03-22,2022-03-22,-74.4871751,-11.5534766,"Junín","Pangoa",2006-02-14,"octubre",315.192,1104
"125",58328,2022-03-22,2022-03-22,-74.4870608,-11.5538726,"Junín","Pangoa",2014-02-24,"septiembre",735.816,1104
"126",58327,2022-03-22,2022-03-22,-74.5069688,-11.5659161,"Junin","Pangoa",2013-03-11,"octubre",1104,2760
"127",58327,2022-03-22,2022-03-22,-74.5116645,-11.5694025,"Junín","Pangoa",2013-02-26,"octubre",750.72,1876.8
"128",57821,2022-03-22,2022-03-22,-74.5304246,-11.4885606,"Junin","Pangoa",2017-03-10,"octubre",1104,2208
"129",58328,2022-03-18,2022-03-23,-74.4962305,-11.5626543,"Junin","Pangoa",2014-02-13,"octubre",276,1104
"130",58328,2022-03-19,2022-03-23,-74.4966673,-11.5671408,"Junin","Pangoa",2011-04-14,"octubre",331.2,2980.8
"131",58327,2022-03-21,2022-03-23,-74.5149304,-11.5692824,"Junin","SantoDomingo de Acobamba",2017-02-09,"octubre",236.808,1656
"132",58328,2022-03-21,2022-03-23,-74.4928077,-11.5641079,"Junín","Pangoa",2018-02-08,"octubre",276,828
"133",58328,2022-03-21,2022-03-23,-74.4749759,-11.5771851,"Junín","PANGOA",2017-05-11,"octubre",157.872,1104
"134",57821,2022-03-22,2022-03-23,-74.5355251,-11.4965301,"Junín","PANGOA",2019-04-04,"noviembre",414,828
"135",57821,2022-03-22,2022-03-23,-74.534646,-11.4915044,"Junin","San Martin",2014-05-15,"octubre",1242,2484
"136",57821,2022-03-22,2022-03-23,-74.5335004,-11.4928878,"Junin","Pangoa",2012-06-06,"octubre",276,1104
"137",30904,2022-03-23,2022-03-23,-79.4715589,-6.1739317,"LAMBAYEQUE","SALAS",2012-02-20,"octubre",220.8,220.8
"138",30904,2022-03-23,2022-03-23,-79.471352,-6.1742416,"LAMBAYEQUE","SALAS",2015-01-23,"septiembre",848.976,110.4
"139",30904,2022-03-23,2022-03-23,-79.4733247,-6.1743244,"LAMBAYEQUE","SALAS",2017-01-19,"octubre",331.2,165.6
"140",58328,2022-03-19,2022-03-24,-74.4946402,-11.562013,"Junín","Pangoa",2012-02-17,"octubre",276,828
"141",57821,2022-03-23,2022-03-23,-74.5367842,-11.4647124,"Junin","Pangoa 

",2018-02-28,"septiembre",368.184,1656
"142",57821,2022-03-23,2022-03-23,-74.5266311,-11.4604943,"Junin","Pangoa",2006-02-09,"agosto",386.4,386.4
"143",30651,2022-03-15,2022-03-23,-79.4860645,-6.1489327,"LAMBAYEQUE","SALAS",2017-02-24,"octubre",165.6,165.6
"144",30651,2022-03-20,2022-03-23,-79.4838712,-6.1491626,"LAMBAYEQUE","SALAS",2012-01-08,"septiembre",368.184,276
"145",26347,2022-03-24,2022-03-24,-79.6076844,-5.2620811,"PIURA","CANCHAQUE",2010-04-20,"septiembre",441.6,441.6
"146",25840,2022-03-24,2022-03-24,-79.6971421,-5.1664552,"Piura","Lalaquiz",NA,"octubre",552,276
"147",25840,2022-03-24,2022-03-24,-79.6770868,-5.1669546,"Piura","Lalaquiz",NA,"octubre",2760,1380
"148",25840,2022-03-24,2022-03-24,-79.6771346,-5.1663253,"Piura","Lalaquiz",NA,"octubre",2208,1104
"149",25840,2022-03-24,2022-03-24,-79.6767198,-5.168018,"Piura","Lalaquiz",NA,"octubre",2208,2208
"150",25840,2022-03-24,2022-03-24,-79.676012,-5.1725234,"Piura","Lalaquiz",NA,"octubre",2760,1380
"151",25840,2022-03-24,2022-03-24,-79.6755575,-5.1719788,"Piura","Lalaquiz",NA,"octubre",938.4,938.4
"152",26347,2022-03-24,2022-03-25,-79.6077672,-5.2625218,"PIURA","CANCHAQUE",2015-01-10,"septiembre",1839.816,2760
"153",26347,2022-03-24,2022-03-25,-79.6097616,-5.2640954,"PIURA","CANCHAQUE",2012-03-24,"septiembre",662.4,662.4
"154",26093,2022-03-17,2022-03-17,-79.6805851,-5.2022678,"Piura","Lalaquiz",2010-03-10,"noviembre",662.4,165.6
"155",26093,2022-03-17,2022-03-17,-79.6790818,-5.2013442,"Piura","Lalaquiz",2018-02-02,"noviembre",552,276
"156",30651,2022-03-23,2022-03-25,-79.4813241,-6.1485372,"LAMBAYEQUE","SALAS",2012-03-06,"octubre",331.2,331.2
"157",30651,2022-03-23,2022-03-25,-79.4843047,-6.1457737,"LAMBAYEQUE","SALAS",2017-02-01,"noviembre",404.616,607.2
"158",26094,2022-03-12,2022-03-20,-79.6336075,-5.2025413,"Piura","Canchaque",2021-01-15,"octubre",441.6,441.6
"159",26094,2022-03-12,2022-03-21,-79.6334684,-5.2024051,"Piura","Canchaque",2022-01-15,"octubre",331.2,331.2
"160",26094,2022-03-12,2022-03-20,-79.6262669,-5.208651,"Piura","Canchaque",2022-01-15,"octubre",662.4,1656
"161",26094,2022-03-13,2022-03-20,-79.6373662,-5.2287604,"Piura","Canchaque",2022-01-15,"octubre",441.6,441.6
"162",26094,2022-03-13,2022-03-21,-79.6373681,-5.2264522,"Piura","Canchaque",2021-01-15,"octubre",828,828
"163",25841,2022-03-15,2022-03-21,-79.6188084,-5.1829635,"Piura","Canchaque",2022-01-15,"octubre",529.92,662.4
"164",26094,2022-03-18,2022-03-21,-79.6081323,-5.2087431,"Piura","Canchaque",2022-01-15,"octubre",828,828
"165",26094,2022-03-18,2022-03-21,-79.6090807,-5.2090761,"Piura","Canchaque",2022-01-15,"octubre",772.8,1932
"166",26094,2022-03-18,2022-03-22,-79.60835,-5.2084946,"Piura","Canchaque",2022-01-15,"octubre",938.4,938.4
"167",26094,2022-03-17,2022-03-21,-79.6397395,-5.2152466,"Piura","Canchaque",2022-01-15,"octubre",515.016,386.4
"168",26094,2022-03-17,2022-03-21,-79.6408458,-5.2162032,"Piura","Canchaque",2022-01-15,"octubre",386.4,386.4
"169",26094,2022-03-17,2022-03-21,-79.636106,-5.2099605,"Piura","Canchaque",2022-01-15,"octubre",552,276
"170",26094,2022-03-17,2022-03-21,-79.6374027,-5.2112718,"Piura","Canchaque",2022-01-15,"octubre",662.4,662.4
"171",26094,2022-03-18,2022-03-21,-79.6190206,-5.222574,"Piura","Canchaque",2022-01-15,"octubre",662.4,331.2
"172",26094,2022-03-19,2022-03-21,-79.6297625,-5.2257416,"Piura","Canchaque",2022-01-15,"octubre",552,1656
"173",26094,2022-03-19,2022-03-23,-79.6288598,-5.2267558,"Piura","Canchaque",2022-01-15,"octubre",441.6,441.6
"174",26094,2022-03-19,2022-03-23,-79.628829,-5.2268001,"Piura","Canchaque",2022-01-15,"octubre",1104,1104
"175",26094,2022-03-19,2022-03-23,-79.6289726,-5.2234924,"Piura","Canchaque",2022-01-15,"octubre",1048.8,1048.8
"176",26094,2022-03-19,2022-03-24,-79.6310442,-5.2184355,"Piura","Canchaque",2022-01-15,"octubre",1104,2208
"177",26094,2022-03-20,2022-03-20,-79.6184753,-5.209001,"Piura","Canchaque",NA,"octubre",1242,2484
"178",26094,2022-03-24,2022-03-24,-79.631615,-5.2183554,"Piura","Canchaque",2022-01-15,"octubre",883.2,441.6
"179",26094,2022-03-26,2022-03-24,-79.6360328,-5.207938,"Piura","Canchaque",2022-01-15,"septiembre",552,276
"180",26094,2022-03-26,2022-03-24,-79.635721,-5.208607,"Piura","Canchaque",2022-01-15,"octubre",276,276
"181",26094,2022-03-26,2022-03-24,-79.6347633,-5.2077566,"Piura","Canchaque",2022-01-15,"octubre",883.2,441.6
"182",26094,2022-03-26,2022-03-24,-79.6341658,-5.2061879,"Piura","Canchaque",2022-01-15,"septiembre",1766.4,441.6
"183",26094,2022-03-26,2022-03-24,-79.6297713,-5.2084803,"Piura","Canchaque",2022-01-15,"octubre",194.856,165.6
"184",26094,2022-03-26,2022-03-24,-79.6276664,-5.2087708,"Piura","Canchaque",2022-01-15,"octubre",276,276
"185",26094,2022-03-26,2022-03-24,-79.6274878,-5.2088141,"Piura","Canchaque",2022-01-15,"octubre",644.184,1932
"186",26094,2022-03-27,2022-03-24,-79.6360847,-5.209407,"Piura","Canchaque",2022-01-15,"octubre",883.2,220.8
"187",26094,2022-03-27,2022-03-24,-79.6360795,-5.208614,"Piura","Canchaque",2022-01-15,"septiembre",662.4,993.6
"188",26094,2022-03-24,2022-03-24,-79.6268043,-5.2135754,"Piura","Canchaque",2022-01-15,"octubre",690,1380
"189",26094,2022-03-24,2022-03-24,-79.6272242,-5.2136249,"Piura","Canchaque",2022-01-15,"septiembre",414,828
"190",25841,2022-03-11,2022-03-20,-79.6223058,-5.1922325,"Piura","Canchaque
",2022-01-15,"octubre",772.8,1932
"191",25840,2022-03-15,2022-03-22,-79.699352,-5.1672853,"Piura","Lalaquiz",NA,"diciembre",1472.184,2208
"192",25839,2022-03-15,2022-03-22,-79.7002823,-5.1679498,"Piura","Lalaquiz",NA,"diciembre",552,552
"193",25839,2022-03-15,2022-03-22,-79.700291,-5.1730608,"Piura","Lalaquiz",NA,"octubre",552,276
"194",25840,2022-03-15,2022-03-22,-79.6962433,-5.174286,"Piura","Lalaquiz",NA,"octubre",441.6,441.6
"195",25840,2022-03-16,2022-03-22,-79.6963417,-5.1753288,"Piura","Lalaquiz",NA,"octubre",552,276
"196",25840,2022-03-16,2022-03-22,-79.6967699,-5.1753252,"Piura","Lalaquiz",NA,"octubre",552,276
"197",25840,2022-03-16,2022-03-22,-79.6968793,-5.1755016,"Piura","Lalaquiz",NA,"octubre",331.2,165.6
"198",25840,2022-03-16,2022-03-19,-79.6977598,-5.1757524,"Piura","Lalaquiz",NA,"octubre",70,1932
"199",25840,2022-03-16,2022-03-22,-79.6965878,-5.1740828,"Piura","Lalaquiz",NA,"octubre",80,2208
"200",25840,2022-03-17,2022-03-22,-79.6972821,-5.1692357,"Piura","Lalaquiz",NA,"octubre",1987.2,993.6
"201",25840,2022-03-17,2022-03-22,-79.6925653,-5.1745619,"Piura","Lalaquiz",NA,"octubre",2208,1104
"202",25840,2022-03-17,2022-03-22,-79.6923148,-5.175449,"Piura","Lalaquiz",NA,"octubre",1656,828
"203",25840,2022-03-17,2022-03-22,-79.6927081,-5.1764238,"Piura","Lalaquiz",NA,"octubre",331.2,165.6
"204",25840,2022-03-17,2022-03-22,-79.6920776,-5.176292,"Piura","Lalaquiz",NA,"octubre",441.6,441.6
"205",25840,2022-03-17,2022-03-22,-79.6940307,-5.1743562,"Piura","Lalaquiz",NA,"octubre",772.8,386.4
"206",25840,2022-03-18,2022-03-22,-79.6982372,-5.1791466,"Piura","Lalaquiz",NA,"octubre",946.128,993.6
"207",25840,2022-03-18,2022-03-19,-79.6983723,-5.1791809,"Piura","Lalaquiz",NA,"octubre",2208,2208
"208",25840,2022-03-19,2022-03-22,-79.697444,-5.1692995,"Piura","Lalaquiz",NA,"octubre",552,552
"209",25840,2022-03-22,2022-03-22,-79.6974279,-5.1683303,"Piura","Lalaquiz",NA,"octubre",1545.6,772.8
"210",25840,2022-03-22,2022-03-22,-79.699167,-5.1702732,"Piura","Lalaquiz",NA,"octubre",200,100
"211",25840,2022-03-25,2022-03-25,-79.6875759,-5.1716537,"Piura","Lalaquiz",NA,"octubre",80,2208
"212",25840,2022-03-25,2022-03-25,-79.6863522,-5.1682723,"Piura","Lalaquiz",NA,"octubre",1656,828
"213",25840,2022-03-25,2022-03-25,-79.6867776,-5.1681415,"Piura","Lalaquiz",NA,"octubre",552,276
"214",25840,2022-03-25,2022-03-25,-79.687884,-5.1681877,"Piura","Lalaquiz",NA,"octubre",100,2760
"215",25840,2022-03-25,2022-03-25,-79.6816001,-5.1793775,"Piura","Lalaquiz",2017-03-25,"septiembre",1656,3312
"216",25840,2022-03-25,2022-03-25,-79.6814684,-5.1792825,"Piura","Lalaquiz",2016-03-25,"septiembre",938.4,938.4
"217",25840,2022-03-25,2022-03-25,-79.6804675,-5.1785124,"Piura","Lalaquiz",2014-03-25,"septiembre",690,2760
"218",25840,2022-03-25,2022-03-25,-79.6802883,-5.1779057,"Piura","Lalaquiz",2017-03-25,"septiembre",1380,1380
"219",25840,2022-03-25,2022-03-25,-79.6806597,-5.1779058,"Piura","Lalaquiz",2016-03-25,"septiembre",883.2,2208
"220",26347,2022-03-25,2022-03-25,-79.6188474,-5.2631722,"PIURA","CANCHAQUE",2016-02-10,"octubre",828,828
"221",26094,2022-03-22,2022-03-25,-79.6191955,-5.2098786,"Piura","Canchaque",2022-01-15,"octubre",883.2,2208
"222",26094,2022-03-22,2022-03-25,-79.6214733,-5.2109621,"Piura","Canchaque",2022-01-15,"octubre",966,1932
"223",26094,2022-03-22,2022-03-25,-79.6204708,-5.2068582,"Piura","Canchaque",2022-01-15,"octubre",147.384,441.6
"224",26094,2022-03-22,2022-03-25,-79.6280987,-5.2146108,"Piura","Canchaque",2022-01-15,"septiembre",441.6,662.4
"225",26094,2022-03-24,2022-03-25,-79.6293364,-5.2128152,"Piura","Canchaque",2022-01-15,"octubre",220.8,220.8
"226",26094,2022-03-26,2022-03-25,-79.6316195,-5.2088776,"Piura","Canchaque",2022-01-15,"octubre",294.216,441.6
"227",26094,2022-03-27,2022-03-25,-79.6396589,-5.2123975,"Piura","Canchaque",2022-01-15,"octubre",607.2,607.2
"228",26094,2022-03-27,2022-03-25,-79.6359517,-5.2085194,"Piura","Canchaque",2022-01-15,"septiembre",331.2,662.4
"229",26094,2022-03-24,2022-03-25,-79.6270281,-5.2144664,"Piura","Canchaque",2022-01-15,"octubre",414,828
"230",26094,2022-03-24,2022-03-25,-79.6270809,-5.2137764,"Piura","Canchaque",2022-01-15,"octubre",552,828
"231",26094,2022-03-24,2022-03-25,-79.6272539,-5.2137382,"Piura","Canchaque",2022-01-22,"septiembre",552,1104
"232",26094,2022-03-24,2022-03-25,-79.6272796,-5.2133666,"Piura","Canchaque",2022-01-15,"octubre",459.816,276
"233",26094,2022-03-24,2022-03-25,-79.6247928,-5.2137151,"Piura","Canchaque",2022-01-15,"septiembre",662.4,662.4
"234",26094,2022-03-24,2022-03-25,-79.624444,-5.2137846,"Piura","Canchaque",2022-01-15,"septiembre",735.816,1104
"235",26094,2022-03-24,2022-03-25,-79.623829,-5.2128855,"Piura","Canchaque",2022-01-15,"octubre",993.6,993.6
"236",26094,2022-03-24,2022-03-25,-79.6250401,-5.2271463,"Piura","Canchaque",2022-01-15,"octubre",579.6,1159.2
"237",26094,2022-03-24,2022-03-25,-79.6364395,-5.2263413,"Piura","Canchaque",2022-01-15,"octubre",368.184,552
"238",30904,2022-03-23,2022-03-23,-79.4808906,-6.1689547,"Lambayeque","Salas",NA,"septiembre",552,552
"239",30904,2022-03-23,2022-03-23,-79.4799913,-6.1692165,"Lambayeque","Salas",NA,"septiembre",239.016,717.6
"240",30904,2022-03-23,2022-03-23,-79.4820577,-6.169722,"Lambayeque","Salas",NA,"septiembre",276,276
"241",30904,2022-03-23,2022-03-23,-79.4827357,-6.1708801,"Lambayeque","Salas",NA,"septiembre",276,276
"242",30904,2022-03-23,2022-03-23,-79.4822795,-6.1654193,"Lambayeque","Salas",NA,"septiembre",441.6,441.6
"243",26347,2022-03-10,2022-03-26,-79.6258272,-5.261804,"Piura","Canchaque",2014-01-29,"noviembre",662.4,662.4
"244",26347,2022-03-14,2022-03-26,-79.6106671,-5.2537446,"PIURA","Canchaque",2015-03-14,"septiembre",276,276
"245",26347,2022-03-26,2022-03-26,-79.6081095,-5.2534664,"PIURA","CANCHAQUE",2017-02-10,"octubre",1435.2,717.6
"246",26347,2022-03-27,2022-03-27,-79.6040019,-5.2561462,"PIURA","CANCHAQUE",2010-02-11,"noviembre",828,828
"247",26347,2022-03-27,2022-03-27,-79.6048388,-5.2538089,"PIURA","CANCHAQUE",2014-02-10,"septiembre",993.6,993.6
"248",26347,2022-03-10,2022-03-27,-79.6050407,-5.255622,"PIURA","Canchaque",2015-12-10,"octubre",552,276
"249",26093,2022-03-26,2022-03-26,-79.6538661,-5.2172373,"Piura","Lalaquiz",2017-03-26,"septiembre",772.8,1932
"250",26093,2022-03-26,2022-03-26,-79.653152,-5.2132953,"Piura","Lalaquiz",2017-03-26,"septiembre",368.184,552
"251",26093,2022-03-26,2022-03-26,-79.6527926,-5.2121678,"Piura","Lalaquiz",2017-03-26,"septiembre",552,552
"252",26094,2022-03-26,2022-03-26,-79.6489487,-5.2072941,"Piura","Lalaquiz",2015-03-26,"septiembre",404.616,607.2
"253",26094,2022-03-26,2022-03-26,-79.6488733,-5.2072992,"Piura","Lalaquiz",2017-03-26,"septiembre",478.584,717.6
"254",57318,2022-03-25,2022-03-29,-74.3761384,-11.3703103,"Junín","Pangoa",2018-10-27,"octubre",1104,120
"255",57821,2022-03-23,2022-03-24,-74.5181989,-11.4614213,"Junín","Pangoa",2015-11-20,"agosto",735.816,2208
"256",58073,2022-03-25,2022-03-30,-74.55361,-11.5009571,"Junin","Pangoa",2012-08-16,"octubre",276,828
"257",58073,2022-03-25,2022-03-30,-74.5596014,-11.5078253,"Junin","Pangoa",2010-02-04,"octubre",552,1104
"258",57820,2022-03-25,2022-03-30,-74.5504465,-11.4845923,"Junin","Pangoa",2014-02-13,"septiembre",157.872,1104
"259",57820,2022-03-25,2022-03-29,-74.5639558,-11.4886199,"Junin","Pangoa",2007-02-15,"octubre",920.184,1380
"260",57567,2022-03-30,2022-03-30,-74.571516,-11.4467805,"Junin","Pangoa",2015-02-12,"octubre",368.184,1104
"261",58327,2022-03-22,2022-03-23,-74.5067077,-11.5661135,"Junín","Pangoa",2009-02-16,"septiembre",264.96,662.4
"262",58328,2022-03-23,2022-03-23,-74.4918285,-11.5529727,"Junín","Pangoa",2013-02-19,"octubre",397.44,72
"263",58075,2022-03-23,2022-03-23,-74.4896745,-11.5325464,"Junín","Pangoa",2013-02-12,"octubre",920.184,2760
"264",58075,2022-03-23,2022-03-23,-74.4866959,-11.5338913,"Junín","Pangoa",2013-02-04,"octubre",706.56,1766.4
"265",57567,2022-03-23,2022-03-23,-74.5677537,-11.4423608,"Junín","Pangoa",2017-01-20,"septiembre",828,1656
"266",57824,2022-03-24,2022-03-24,-74.3803104,-11.4543679,"Junín","Pangoa",2019-01-14,"octubre",276,552
"267",57824,2022-03-24,2022-03-24,-74.3677364,-11.4708509,"Junín","Pangoa",2013-02-25,"agosto",483,1932
"268",57319,2022-03-25,2022-03-29,-74.3061895,-11.3886688,"Junín","Pangoa",2012-02-06,"octubre",375.36,938.4
"269",57824,2022-03-24,2022-03-29,-74.3708507,-11.4756231,"Junín","Pangoa",2016-02-09,"septiembre",579.6,1159.2
"270",57572,2022-03-25,2022-03-29,-74.3318834,-11.4075059,"Junín","Pangoa",2012-02-06,"octubre",1159.2,84
"271",57572,2022-03-25,2022-03-29,-74.3375117,-11.4465138,"Junín","Pangoa",2016-01-20,"septiembre",588.984,883.2
"272",57572,2022-03-25,2022-03-30,-74.3426723,-11.4397267,"Junín","Pangoa",2009-02-09,"septiembre",577.944,89
"273",57824,2022-03-24,2022-03-29,-74.3805654,-11.4873466,"Junín","Pangoa",2015-02-11,"septiembre",423.384,1269.6
"274",57824,2022-03-24,2022-03-29,-74.3854822,-11.4884097,"Junín","Pangoa",2013-01-14,"agosto",255.024,1656
"275",57571,2022-03-25,2022-03-29,-74.3509069,-11.4453492,"Junín","Pangoa",2014-02-10,"septiembre",331.2,993.6
"276",58836,2022-03-31,2022-03-31,-74.3541257,-11.6532154,"Junín","Pangoa",2013-02-11,"agosto",728.64,1821.6
"277",58583,2022-03-31,2022-03-31,-74.3591086,-11.6488308,"Junín","Pangoa",2015-01-19,"agosto",441.6,1324.8
"278",58836,2022-03-31,2022-03-31,-74.3637316,-11.6597659,"Junín","Pangoa",2011-02-07,"agosto",257.784,772.8
"279",58583,2022-03-31,2022-03-31,-74.380393,-11.6167614,"Junín","Pangoa",2012-01-16,"septiembre",345,1380
"280",58583,2022-03-31,2022-03-31,-74.3700629,-11.6490743,"Junín","Pangoa",2011-02-07,"agosto",625.416,68
"281",58332,2022-03-30,2022-03-31,-74.2935683,-11.5510808,"Junín","Pangoa",2017-01-09,"septiembre",1242,135
"282",58332,2022-03-30,2022-03-31,-74.2931415,-11.5518958,"Junín","Pangoa",2016-11-26,"septiembre",1380,150
"283",58332,2022-03-30,2022-03-31,-74.2904833,-11.5531677,"Junín","Pangoa",2014-03-31,"octubre",690,75
"284",58332,2022-03-30,2022-03-31,-74.2906234,-11.5576389,"Junín","Pangoa",2015-11-21,"octubre",897,65
"285",58079,2022-03-29,2022-03-31,-74.2976854,-11.54758,"Junín","Pangoa",2017-01-13,"septiembre",1311,190
"286",30651,2022-03-31,2022-04-01,-79.4916987,-6.1419895,"LAMBAYEQUE","SALAS",2013-02-13,"octubre",607.2,607.2
"287",30904,2022-04-01,2022-04-01,-79.480662,-6.1666942,"LAMBAYEQUE","SALAS",2015-02-19,"noviembre",1104,552
"288",30904,2022-04-01,2022-04-01,-79.4804532,-6.1654322,"LAMBAYEQUE","SALAS",2010-01-20,"octubre",294.216,441.6
"289",30904,2022-04-01,2022-04-01,-79.4804712,-6.1642175,"LAMBAYEQUE","SOLAS",2013-03-01,"octubre",496.8,496.8
"290",30651,2022-04-01,2022-04-01,-79.4902056,-6.1413292,"LAMBAYEQUE","SALAS",2015-01-15,"octubre",1104,1104
"291",30651,2022-04-01,2022-04-01,-79.4966558,-6.1410328,"LAMBAYEQUE","SALAS",2016-02-02,"octubre",1214.4,1214.4
"292",30651,2022-04-01,2022-04-01,-79.4971879,-6.1408012,"LAMBAYEQUE","SALAS",2015-01-23,"septiembre",662.4,662.4
"293",30651,2022-04-01,2022-04-01,-79.4949973,-6.1411961,"LAMBAYEQUE","SALAS",2014-01-08,"octubre",690,1380
"294",30651,2022-03-31,2022-04-01,-79.4955585,-6.1413355,"LAMBAYEQUE","SALAS",2008-01-09,"octubre",276,276
"295",30651,2022-03-30,2022-04-01,-79.4938749,-6.1417814,"LAMBAYEQUE","SALAS",2013-01-11,"noviembre",276,552
"296",57572,2022-03-25,2022-04-01,-74.3394905,-11.4344431,"Junin","Pangoa",2019-03-25,"octubre",358.8,2152.8
"297",57572,2022-03-29,2022-04-01,-74.323375,-11.4125566,"Junin","Pangoa",2015-11-18,"noviembre",490.728,2208
"298",57572,2022-03-29,2022-04-01,-74.3212023,-11.4108923,"Junin","Pangoa",2015-03-27,"noviembre",248.4,496.8
"299",57572,2022-03-29,2022-04-01,-74.3253849,-11.416081,"Junín","Pangoa",2016-11-18,"noviembre",993.6,1987.2
"300",57571,2022-03-31,2022-04-01,-74.3557612,-11.441527,"Junín","Pangoa",2011-03-09,"septiembre",676.2,2704.8
"301",57824,2022-03-31,2022-04-01,-74.3756487,-11.4521606,"Junin","Pangoa",2016-02-18,"septiembre",1242,90
"302",57824,2022-03-31,2022-04-01,-74.3749709,-11.4521835,"Junin","Pangoa",2011-03-09,"octubre",903.072,2484
"303",22801,2022-03-31,2022-04-02,-79.834909,-4.5750755,"PIURA","JILILÍ",2012-02-15,"octubre",552,276
"304",23054,2022-04-02,2022-04-02,-79.8145853,-4.6277237,"Piura","Montero",2014-01-25,"noviembre",220.8,276
"305",23054,2022-04-02,2022-04-02,-79.8136322,-4.6269948,"Piura","Montero",2012-02-24,"noviembre",165.6,496.8
"306",23054,2022-04-02,2022-04-02,-79.8370907,-4.6388662,"Piura","Montero",2014-01-16,"noviembre",735.816,1104
"307",23054,2022-04-02,2022-04-02,-79.840419,-4.6391606,"Piura","Montero",2014-02-15,"noviembre",552,1656
"308",26094,2022-04-02,2022-04-02,-79.6442456,-5.209242,"Piura","Lalaquiz",2014-04-02,"septiembre",1656,2484
"309",26094,2022-04-02,2022-04-02,-79.6478381,-5.2065944,"Piura","Lalaquiz",2014-04-02,"septiembre",828,828
"310",26094,2022-04-02,2022-04-02,-79.6485301,-5.2068226,"Piura","Lalaquiz",2014-04-02,"septiembre",220.8,220.8
"311",26094,2022-04-02,2022-04-02,-79.6497764,-5.2056503,"Piura","Lalaquiz",2016-04-02,"septiembre",809.784,1214.4
"312",26094,2022-04-02,2022-04-02,-79.6495907,-5.2040238,"Piura","Lalaquiz",2012-04-02,"septiembre",276,552
"313",58835,2022-04-04,2022-04-04,-74.4060826,-11.6883117,"Junín","Pangoa",2017-03-06,"septiembre",910.8,66
"314",58836,2022-04-04,2022-04-04,-74.3602924,-11.6553606,"Junín","Pangoa",2014-02-10,"septiembre",1159.2,2318.4
"315",57319,2022-04-01,2022-04-01,-74.3045991,-11.3698059,"Junín","Pangoa",2012-12-07,"octubre",1711.2,93
"316",57319,2022-04-01,2022-04-01,-74.300671,-11.3675194,"Junín","Pangoa",2014-07-25,"septiembre",920.184,2760
"317",55801,2022-04-04,2022-04-04,-74.3011731,-11.0687935,"Junín","Pangoa",2014-12-20,"septiembre",1458.936,185
"318",57320,2022-04-01,2022-04-04,-74.2981092,-11.3567918,"Junín","Pangoa",2015-11-28,"septiembre",1159.2,105
"319",57320,2022-04-01,2022-04-04,-74.2785237,-11.3507454,"Junín","Pangoa",2017-01-10,"octubre",1159.2,105
"320",58328,2022-03-19,2022-04-04,-74.4885683,-11.5666215,"Junin","Pangoa",2010-02-27,"octubre",232.392,1104
"321",57820,2022-03-24,2022-03-30,-74.5504723,-11.4802234,"Junin","Pangoa",2014-02-13,"octubre",150.696,828
"322",57820,2022-03-25,2022-04-01,-74.5535125,-11.4926692,"Junin","Pangoa",2015-02-11,"septiembre",552,2208
"323",57821,2022-03-30,2022-03-31,-74.5404821,-11.4566872,"Junin","Pangoa",2014-02-13,"agosto",239.016,717.6
"324",59088,2022-03-31,2022-04-04,-74.438662,-11.7030267,"Junin","Pangoa",2013-02-06,"octubre",920.184,2760
"325",58835,2022-03-31,2022-04-04,-74.4265299,-11.6945727,"Junin","Pangoa",2010-02-11,"octubre",552,1656
"326",59088,2022-03-31,2022-04-04,-74.4168092,-11.7024525,"Junin","Pangoa",2010-02-10,"octubre",459.816,1380
"327",58073,2022-04-04,2022-04-04,-74.5615139,-11.5063224,"Junin","Pangoa",2010-02-18,"octubre",104.88,1104
"328",55549,2022-04-04,2022-04-04,-74.2861577,-11.0152578,"Junín","Pangoa",2017-12-22,"septiembre",2163.84,98
"329",57572,2022-03-29,2022-04-05,-74.3297726,-11.432594,"Junin","Pangoa",2014-10-10,"septiembre",607.2,1821.6
"330",57572,2022-04-01,2022-04-05,-74.3402869,-11.4326239,"Junín","Pangoa",2015-11-13,"octubre",487.968,2318.4
"331",56054,2022-04-04,2022-04-04,-74.3002031,-11.1055361,"Junín","Río Tambo",2019-01-26,"septiembre",552,2208
"332",57320,2022-04-05,2022-04-05,-74.2828369,-11.3823247,"Junin","Pangoa",2014-01-17,"octubre",1298.856,200
"333",57320,2022-04-05,2022-04-05,-74.299478,-11.3731098,"Junín","Pangoa",2015-11-03,"septiembre",772.8,1932
"334",57319,2022-04-05,2022-04-05,-74.3025476,-11.370426,"Junín","Pangoa",2016-12-07,"septiembre",1656,120
"335",57319,2022-04-05,2022-04-05,-74.3037551,-11.3920381,"Junín","Pangoa",2017-01-12,"septiembre",1594.728,130
"336",57320,2022-04-05,2022-04-05,-74.2790839,-11.379644,"Junín","Pangoa",2013-01-14,"octubre",1238.136,157
"337",57320,2022-04-05,2022-04-05,-74.2796287,-11.3819924,"Junín","Pangoa",2015-01-28,"octubre",1472.184,80
"338",30651,2022-04-01,2022-04-05,-79.4979596,-6.1409527,"LAMBAYEQUE","SALAS",2008-02-13,"septiembre",276,552
"339",30651,2022-04-01,2022-04-05,-79.4983397,-6.1402329,"LAMBAYEQUE","SALAS",2015-01-17,"octubre",828,828
"340",30651,2022-04-05,2022-04-05,-79.4832545,-6.1444848,"LAMBAYEQUE","SALAS",2013-01-17,"septiembre",1287.816,386.4
"341",30651,2022-04-05,2022-04-05,-79.4846365,-6.1401858,"LAMBAYEQUE","SALAS",2014-02-01,"septiembre",1214.4,1214.4
"342",30651,2022-04-05,2022-04-05,-79.4832959,-6.13556,"LAMBAYEQUE","SALAS",2014-02-13,"octubre",1104,1104
"343",57320,2022-04-01,2022-04-01,-74.2795889,-11.3502771,"Junín","Pangoa",2015-12-19,"octubre",83,83
"344",57320,2022-04-01,2022-04-01,-74.2790705,-11.3518698,"Junin","Pangoa",2014-03-04,"septiembre",1324.8,120
"345",57320,2022-04-01,2022-04-02,-74.2960789,-11.3686806,"Junin","Pangoa",2017-11-16,"septiembre",883.2,80
"346",55802,2022-04-04,2022-04-04,-74.2940606,-11.0693096,"Junin","Rio Tambo",2017-11-08,"octubre",110.4,1104
"347",55801,2022-04-04,2022-04-04,-74.3077496,-11.0984066,"Junín","Rio Tambo",2016-10-07,"octubre",981.456,80
"348",57066,2022-04-05,2022-04-05,-74.3151347,-11.3415487,"Junín","Pangoa",2016-01-22,"octubre",1214.4,110
"349",56811,2022-04-05,2022-04-05,-74.4403885,-11.2994429,"Junín","Pangoa",2015-01-16,"octubre",690,2760
"350",57064,2022-04-05,2022-04-05,-74.4406956,-11.3005709,"Junín","Pangoa",2017-11-25,"octubre",1122.216,61
"351",57064,2022-04-05,2022-04-05,-74.4403191,-11.3020728,"Junín","Pangoa",2017-12-15,"octubre",1340.808,85
"352",57064,2022-04-05,2022-04-05,-74.4385456,-11.3051655,"Junín","Pangoa",2015-01-13,"octubre",828,2484
"353",57066,2022-04-05,2022-04-06,-74.3149798,-11.3251894,"Junín","Pangoa",2016-12-17,"octubre",1081.92,98
"354",57066,2022-04-05,2022-04-06,-74.3159789,-11.3385452,"Junín","Pangoa",2014-02-12,"octubre",644.184,1932
"355",57066,2022-04-05,2022-04-06,-74.3160888,-11.3401018,"Junín","Pangoa",2015-12-13,"octubre",1104,140
"356",57066,2022-04-05,2022-04-06,-74.3139087,-11.3202172,"Junín","Pangoa",2016-12-11,"octubre",1104,180
"357",57066,2022-04-05,2022-04-06,-74.3142484,-11.3227685,"Junín","Pangoa",2016-11-26,"octubre",1182.936,150
"358",57066,2022-04-05,2022-04-06,-74.3339122,-11.3077401,"Junín","Pangoa",2015-01-02,"octubre",966,1932
"359",57066,2022-04-05,2022-04-06,-74.3335136,-11.3093599,"Junín","Pangoa",2013-12-14,"octubre",938.4,2815.2
"360",57066,2022-04-05,2022-04-06,-74.3231608,-11.3266587,"Junín","Pangoa",2016-11-27,"octubre",1196.184,130
"361",55295,2022-04-04,2022-04-06,-74.3219433,-10.9978661,"Junín","Pangoa",2015-12-12,"octubre",1235.376,235
"362",58331,2022-03-30,2022-04-06,-74.3207873,-11.5503107,"Junín","Pangoa",2016-12-18,"octubre",1159.2,105
"363",58332,2022-03-30,2022-04-06,-74.2907252,-11.5530263,"Junín","Pangoa",2015-12-18,"septiembre",1104,210
"364",57318,2022-03-29,2022-04-06,-74.3711943,-11.3597781,"Junín","Pangoa",2016-03-15,"octubre",2815.2,102
"365",57318,2022-03-29,2022-04-06,-74.3830933,-11.3524676,"Junín","Pangoa",2017-12-09,"octubre",1419.192,90
"366",57318,2022-03-29,2022-04-06,-74.3618009,-11.3525291,"Junín","Pangoa",2016-11-25,"septiembre",1196.184,130
"367",57318,2022-03-25,2022-04-06,-74.3862983,-11.3503691,"Junín","Pangoa",2016-12-10,"octubre",1214.4,110
"368",57318,2022-03-25,2022-04-06,-74.3906328,-11.3572253,"Junín","Pangoa",2014-11-30,"octubre",797.088,65
"369",57318,2022-03-25,2022-04-06,-74.3891993,-11.3557896,"Junín","Pangoa",2017-11-12,"octubre",1435.2,65
"370",57318,2022-03-25,2022-04-06,-74.3625301,-11.3540604,"Junín","Pangoa",2017-10-15,"octubre",1380,75
"371",57065,2022-03-25,2022-04-06,-74.3895779,-11.3472963,"Junín","Pangoa",2018-01-15,"septiembre",568.008,993.6
"372",57318,2022-03-25,2022-04-06,-74.3848246,-11.3737854,"Junín","Pangoa",2016-12-16,"octubre",1159.2,105
"373",57319,2022-04-05,2022-04-06,-74.3013858,-11.3823963,"Junin","Pangoa",2012-02-21,"octubre",125.304,1380
"374",57319,2022-04-05,2022-04-06,-74.3011916,-11.3854649,"Junin","Pangoa",2009-02-18,"octubre",331.2,1656
"375",57319,2022-04-05,2022-04-05,-74.3055463,-11.3850661,"Junin","Pangoa",2013-02-06,"octubre",607.2,1214.4
"376",25840,2022-04-06,2022-04-06,-79.6968325,-5.1661777,"Piura","Lalaquiz",NA,"octubre",993.6,496.8
"377",25840,2022-04-06,2022-04-06,-79.6963863,-5.1671133,"Piura","Lalaquiz",NA,"octubre",414,828
"378",25840,2022-04-06,2022-04-06,-79.6969861,-5.1688499,"Piura","Lalaquiz",NA,"octubre",441.6,441.6
"379",25840,2022-04-06,2022-04-06,-79.6978706,-5.1694959,"Piura","Lalaquiz",NA,"octubre",1104,2208
"380",25840,2022-04-06,2022-04-07,-79.6968684,-5.1685594,"Piura","Lalaquiz",NA,"octubre",414,828
"381",25840,2022-04-07,2022-04-07,-79.6889617,-5.1717453,"Piura","Lalaquiz",NA,"octubre",70,70
"382",25840,2022-04-07,2022-04-07,-79.6889712,-5.1705015,"Piura","Lalaquiz",NA,"octubre",828,1656
"383",57569,2022-04-07,2022-04-07,-74.491103,-11.4263181,"Junin","Pangoa",2013-03-01,"octubre",441.6,1324.8
"384",57569,2022-04-07,2022-04-07,-74.491052,-11.4263307,"Junin","Pangoa",2011-11-03,"octubre",966,140
"385",57569,2022-04-07,2022-04-07,-74.4911048,-11.4263224,"Junin","Pangoa",2010-11-12,"octubre",621,2484
"386",26093,2022-04-07,2022-04-07,-79.6537542,-5.2162045,"Piura","Lalaquiz",2018-04-07,"septiembre",552,1656
"387",26093,2022-04-07,2022-04-07,-79.652509,-5.2167166,"Piura","Lalaquiz",2012-04-07,"septiembre",828,1656
"388",26093,2022-04-07,2022-04-07,-79.6524821,-5.2167043,"Piura","Lalaquiz",2014-04-07,"septiembre",552,1104
"389",26093,2022-04-07,2022-04-07,-79.650305,-5.2134074,"Piura","Lalaquiz",2012-04-07,"septiembre",828,828
"390",26093,2022-04-07,2022-04-07,-79.6512123,-5.2079991,"Piura","Lalaquiz",2008-04-07,"septiembre",183.816,276
"391",25841,2022-04-08,2022-04-08,-79.6468029,-5.198722,"Piura","Lalaquiz",2007-04-08,"septiembre",745.2,2980.8
"392",26108,2022-05-10,2022-05-10,-78.9324007,-5.2354355,"Cajamarca","Chirinos",NA,"octubre",1104,3312
"393",26108,2022-05-10,2022-05-11,-78.9351031,-5.2324787,"Cajamarca","Chirinos",NA,"octubre",1324.8,2318.4
"394",26108,2022-05-10,2022-05-11,-78.9343095,-5.2300465,"Cajamarca","Chirinos",NA,"octubre",993.6,496.8
"395",25600,2022-04-30,2022-04-30,-79.005153,-5.1151689,"Cajamarca","San Ignacio",NA,"noviembre",828,1656
"396",25857,2022-05-02,2022-05-07,-78.8436783,-5.1835517,"Cajamarca","San José de Lourdes",NA,"septiembre",2252.16,102
"397",25857,2022-05-02,2022-05-07,-78.8415718,-5.1829431,"Cajamarca","San José de Lourdes",NA,"octubre",136,136
"398",25857,2022-05-02,2022-05-07,-78.839453,-5.1818978,"Cajamarca","San José de Lourdes",NA,"octubre",NA,160
"399",25857,2022-05-02,2022-05-07,-78.8393571,-5.1818064,"Cajamarca","San José de Lourdes",NA,"octubre",NA,1656
"400",25857,2022-05-02,2022-05-09,-78.8441288,-5.1850922,"Cajamarca","San José de Lourdes",NA,"septiembre",NA,1324.8
"401",25857,2022-05-02,2022-05-09,-78.8433907,-5.1837175,"Cajamarca","San José de Lourdes",NA,"septiembre",NA,1435.2
"402",25599,2022-05-03,2022-05-03,-79.0646283,-5.1451772,"Cajamarca","San Ignacio",NA,"octubre",NA,2760
"403",25852,2022-05-03,2022-05-11,-79.055308,-5.1500847,"Cajamarca","San Ignacio",NA,"octubre",NA,2208
"404",25852,2022-05-03,2022-05-03,-79.0540726,-5.1529349,"Cajamarca","San Ignacio",NA,"octubre",NA,2760
"405",25852,2022-05-03,2022-05-11,-79.0539612,-5.1530156,"Cajamarca","San Ignacio",NA,"octubre",NA,1104
"406",25094,2022-05-04,2022-05-04,-79.0341744,-5.0278396,"Cajamarca","San Ignacio",2011-05-04,"octubre",NA,1380
"407",25094,2022-05-04,2022-05-04,-79.0334276,-5.0268255,"Cajamarca","San Ignacio",2016-04-05,"octubre",NA,1766.4
"408",25857,2022-05-02,2022-05-11,-78.8333891,-5.1744219,"Cajamarca","San José de Lourdes",NA,"octubre",NA,1380
"409",25599,2022-05-03,2022-05-11,-79.0694297,-5.1470327,"Cajamarca","San Ignacio",NA,"septiembre",NA,1104
"410",25599,2022-05-03,2022-05-11,-79.0521836,-5.1488452,"Cajamarca","San Ignacio",NA,"septiembre",NA,2208
"411",25599,2022-05-03,2022-05-11,-79.0525383,-5.1481288,"Cajamarca","San Ignacio",NA,"septiembre",NA,1104
"412",25599,2022-05-03,2022-05-11,-79.0580346,-5.1457078,"Cajamarca","San Ignacio",NA,"octubre",NA,1380
"413",25094,2022-05-04,2022-05-07,-79.0474414,-5.0306925,"Cajamarca","San ignacio",NA,"septiembre",NA,2484
"414",25094,2022-05-04,2022-05-04,-79.0463288,-5.0389139,"Cajamarca","San ignacio",NA,"septiembre",NA,80
"415",25857,2022-05-02,2022-05-05,-78.8455911,-5.1821272,"Cajamarca","San Jose de Louerdes",2016-03-02,"octubre",NA,1656
"416",25857,2022-05-02,2022-05-02,-78.844439,-5.1821596,"Cajamarca","San José de Lourdes",2015-02-04,"octubre",NA,1104
"417",25857,2022-05-02,2022-05-02,-78.8464988,-5.180502,"Cajamarca","San José de Lourdes",2015-02-03,"octubre",NA,1380
"418",25857,2022-05-02,2022-05-02,-78.8472587,-5.1813481,"Cajamarca","San José de Lourdes",2011-05-02,"octubre",NA,1711.2
"419",25857,2022-05-02,2022-05-02,-78.8479747,-5.1823076,"Cajamarca","San José de Lourdes",2010-05-02,"octubre",NA,1104
"420",25599,2022-05-03,2022-05-03,-79.0585436,-5.1453317,"Cajamarca","San Ignacio",2018-03-14,"noviembre",NA,1104
"421",25599,2022-05-03,2022-05-03,-79.0561469,-5.1476958,"Cajamarca","San Ignacio",2011-05-03,"noviembre",NA,1214.4
"422",25599,2022-05-03,2022-05-03,-79.0551503,-5.1494693,"Cajamarca","San Ignacio",2015-05-03,"noviembre",NA,1766.4
"423",25852,2022-05-03,2022-05-04,-79.0543957,-5.1513339,"Cajamarca","San Ignacio",2019-05-03,"noviembre",NA,1656
"424",25857,2022-05-02,2022-05-02,-78.8462777,-5.1797457,"Cajamarca","San José de Lourdes",2014-02-04,"octubre",NA,1656
"425",25857,2022-05-02,2022-05-09,-78.8344375,-5.1756051,"Cajamarca","San José de Lourdes",2015-02-11,"agosto",NA,1656
"426",25347,2022-05-09,2022-05-09,-79.0491585,-5.0956486,"Cajamarca","San Ignacio",2015-03-10,"septiembre",NA,1656
"427",25347,2022-05-09,2022-05-14,-79.0486816,-5.0947529,"Cajamarca","San Ignacio",2012-03-13,"septiembre",NA,1380
"428",25347,2022-05-09,2022-05-09,-79.0494869,-5.0878079,"Cajamarca","San Ignacio",2014-03-18,"septiembre",NA,1104
"429",25346,2022-05-09,2022-05-14,-79.0515308,-5.0858243,"Cajamarca","San Ignacio",NA,"septiembre",NA,100
"430",25600,2022-05-09,2022-05-14,-79.0442319,-5.1080679,"Cajamarca","San Ignacio",NA,"septiembre",NA,1656
"431",25346,2022-05-04,2022-05-11,-79.0516816,-5.0562296,"Cajamarca","San Ignacio",2015-04-14,"septiembre",NA,2263.2
"432",25094,2022-05-04,2022-05-11,-79.0494641,-5.0414651,"Cajamarca","San Ignacio",2019-03-12,"octubre",NA,1656
"433",25094,2022-05-04,2022-05-11,-79.0491249,-5.0425275,"Cajamarca","San Ignacio",NA,"septiembre",NA,552
"434",25856,2022-05-05,2022-05-07,-78.8773187,-5.1874254,"Cajamarca","San Jose de Lourdes",NA,"septiembre",NA,80
"435",25856,2022-05-05,2022-05-17,-78.8635651,-5.1993813,"Cajamarca","Sanjose de lourdes",NA,"septiembre",NA,1656
"436",25347,2022-05-09,2022-05-11,-79.0465913,-5.0886497,"Cajamarca","San ignacio",NA,"octubre",NA,2208
"437",26109,2022-05-05,2022-05-11,-78.8619476,-5.2013349,"Cajamarca","San Jose de Lourdes",NA,"agosto",NA,1656
"438",26109,2022-05-05,2022-05-11,-78.8633482,-5.2004749,"Cajamarca","San Jose de Lourdes",2014-04-15,"septiembre",NA,2208
"439",26109,2022-05-05,2022-05-11,-78.8633035,-5.2004556,"Cajamarca","San Jose de Lourdes",NA,"octubre",NA,2208
"440",25856,2022-05-05,2022-05-11,-78.866124,-5.1994813,"Cajamarca","San jose de lourdes",NA,"septiembre",NA,120
"441",25347,2022-05-09,2022-05-09,-79.0344294,-5.0534925,"Cajamarca","San ignacio",NA,"septiembre",NA,1380
"442",26108,2022-05-10,2022-05-11,-78.9030268,-5.2272572,"Cajamarca","Chirinos",NA,"octubre",NA,1104
"443",26109,2022-05-05,2022-05-11,-78.863295,-5.2011816,"Cajamarca","San jose de lourdes",NA,"septiembre",NA,80
"444",25856,2022-05-05,2022-05-11,-78.8644888,-5.1971984,"Cajamarca","San jose de lourdes",NA,"septiembre",NA,78
"445",25347,2022-05-09,2022-05-11,-79.0458106,-5.0657619,"Cajamarca","San ignacio",NA,"octubre",NA,2760
"446",26108,2022-05-10,2022-05-11,-78.9160683,-5.2343807,"Cajamarca","Chirinos",NA,"septiembre",NA,1656
"447",26108,2022-05-10,2022-05-11,-78.9155202,-5.2349994,"Cajamarca","Chirinos",NA,"septiembre",NA,2208
"448",26108,2022-05-10,2022-05-11,-78.9177952,-5.229281,"Cajamarca","Chirinos",NA,"octubre",NA,2208
"449",26108,2022-05-10,2022-05-11,-78.9211135,-5.2300466,"Cajamarca","Chirinos",NA,"octubre",NA,2484
"450",26108,2022-05-10,2022-05-11,-78.9171421,-5.2267236,"Cajamarca","Chirinos",NA,"octubre",NA,2208
"451",25599,2022-05-11,2022-05-17,-79.0628842,-5.1374699,"Cajamarca","San Ignacio",2015-03-10,"octubre",NA,90
"452",25599,2022-05-11,2022-05-17,-79.0602948,-5.1367356,"Cajamarca","San Ignacio",NA,"noviembre",NA,90
"453",25094,2022-05-04,2022-05-11,-79.0369084,-5.0258953,"Cajamarca","San Ignacio",2018-03-14,"septiembre",NA,1932
"454",25094,2022-05-04,2022-05-11,-79.0334305,-5.0268171,"Cajamarca","San Ignacio",2015-03-10,"octubre",NA,1545.6
"455",26109,2022-05-05,2022-05-11,-78.8583399,-5.2066329,"Cajamarca","San José de Lourdes",2015-03-08,"octubre",NA,2760
"456",26109,2022-05-05,2022-05-11,-78.8585467,-5.2060229,"Cajamarca","San José de Lourdes",2015-03-04,"octubre",NA,1656
"457",26109,2022-05-05,2022-05-11,-78.8660392,-5.2014271,"Cajamarca","San José de Lourdes",2015-03-12,"octubre",NA,3312
"458",26109,2022-05-05,2022-05-11,-78.8648483,-5.2019168,"Cajamarca","San José de Lourdes",2014-02-04,"septiembre",NA,3091.2
"459",25856,2022-05-05,2022-05-11,-78.866615,-5.1986259,"Cajamarca","San José de Lourdes",2015-03-03,"septiembre",NA,1545.6
"460",25600,2022-05-23,2022-05-23,-79.0432248,-5.1334522,"Cajamarca","San Ignacio",NA,"agosto",NA,1932
"461",25346,2022-05-23,2022-05-23,-79.0837241,-5.0958985,"Cajamarca","San Ignacio",NA,"agosto",NA,90
"462",25346,2022-05-23,2022-05-23,-79.082424,-5.0937121,"Cajamarca","San Ignacio",NA,"agosto",NA,2208
"463",25346,2022-05-23,2022-05-23,-79.075407,-5.0989704,"Cajamarca","San Ignacio",NA,"agosto",NA,70
"464",25346,2022-05-24,2022-05-24,-79.0606297,-5.0949784,"Cajamarca","San Ignacio",NA,"septiembre",NA,80
"465",25346,2022-05-24,2022-05-24,-79.0805357,-5.070672,"Cajamarca","Namballe",NA,"agosto",NA,120
"466",25346,2022-05-24,2022-05-24,-79.0862649,-5.0596489,"Cajamarca","Namballe",NA,"agosto",NA,1104
"467",25346,2022-05-23,2022-05-26,-79.0721347,-5.0795239,"Cajamarca","San Ignacio",NA,"septiembre",NA,1104
"468",25346,2022-05-23,2022-05-26,-79.0715655,-5.0854987,"Cajamarca","San Ignacio",NA,"octubre",NA,2760
"469",25346,2022-05-23,2022-05-26,-79.0790969,-5.0896113,"Cajamarca","San Ignacio",NA,"septiembre",NA,1821.6
"470",25346,2022-05-23,2022-05-26,-79.0742496,-5.0927301,"Cajamarca","San Ignacio",NA,"octubre",NA,2870.4
"471",25346,2022-05-23,2022-05-26,-79.0759844,-5.0983287,"Cajamarca","San Ignacio",NA,"septiembre",NA,1656
"472",25599,2022-05-20,2022-05-26,-79.0852031,-5.1405421,"Cajamarca","San Ignacio",NA,"octubre",NA,358
"473",25598,2022-05-20,2022-05-26,-79.1010175,-5.1425399,"Cajamarca","San Ignacio",NA,"octubre",NA,2870.4
"474",25598,2022-05-20,2022-05-26,-79.1006026,-5.1382703,"Cajamarca","San Ignacio",NA,"octubre",NA,1048.8
"475",25599,2022-05-20,2022-05-26,-79.0986166,-5.1360548,"Cajamarca","San Ignacio",NA,"octubre",NA,1324.8
"476",25599,2022-05-20,2022-05-26,-79.0924952,-5.1379556,"Cajamarca","San Ignacio",NA,"octubre",NA,200
"477",25093,2022-05-24,2022-05-28,-79.0898633,-5.043481,"Cajamarca","Namballe",NA,"agosto",NA,607.2
"478",58328,2022-06-08,2022-06-08,-74.4689161,-11.5602406,"Junin","Pangoa",2011-02-08,"agosto",NA,386.4
"479",58835,2022-06-14,2022-06-14,-74.4434741,-11.6919344,"Junin","Pangoa",2015-02-10,"septiembre",NA,1656
"480",58835,2022-06-14,2022-06-14,-74.4265502,-11.6995145,"Junin","Pangoa",2012-01-19,"octubre",NA,1821.6
"481",59088,2022-06-14,2022-06-14,-74.4130256,-11.7419568,"Junin","Pangoa",2014-01-06,"octubre",NA,2815.2
"482",58327,2022-06-15,2022-06-16,-74.5000884,-11.5650044,"Junin","Pangoa",2014-01-06,"septiembre",NA,993.6
"483",58328,2022-06-15,2022-06-15,-74.49967,-11.5670012,"Junín","PANGOA",2012-02-10,"septiembre",NA,1490.4
"484",58075,2022-06-15,2022-06-15,-74.4933968,-11.5497476,"Junin","Pangoa",2012-02-13,"septiembre",NA,1435.2
"485",57066,2022-06-16,2022-06-16,-74.3160364,-11.3385927,"Junin","Mazamari",2014-02-10,"octubre",NA,3312
"486",57067,2022-06-16,2022-06-16,-74.2973863,-11.3424278,"Junín","Mazamari",2012-02-20,"octubre",NA,149
"487",57067,2022-06-16,2022-06-16,-74.2981792,-11.3402811,"Junín","Mazamari",2014-03-10,"septiembre",NA,1324.8
"488",58327,2022-06-07,2022-06-20,-74.5034265,-11.5641022,"Huancavelica","Colcabamba",2000-02-01,"noviembre",NA,386.4
"489",58327,2022-06-07,2022-06-20,-74.5070751,-11.5654882,"Junin","Pangoa",2012-02-08,"noviembre",NA,1324.8
"490",58075,2022-06-08,2022-06-20,-74.4941115,-11.5465534,"Huancavelica","Sulcobamba",1997-12-22,"octubre",NA,1821.6
"491",58328,2022-06-08,2022-06-08,-74.4934349,-11.5513307,"Junin","Santo Domingo de Acobamba",2014-01-07,"agosto",NA,1104
"492",58328,2022-06-08,2022-06-08,-74.499162,-11.5511031,"Junín","Santo Domingo de Acobamba",2012-11-22,"septiembre",NA,662.4
"493",59087,2022-06-15,2022-06-15,-74.4535848,-11.7181843,"Junin 
","Pangoa",2007-01-11,"enero",NA,331.2
"494",57066,2022-06-16,2022-06-16,-74.3091552,-11.3461399,"Junin","Mazamari",2006-01-10,"septiembre",NA,828
"495",57066,2022-06-16,2022-06-19,-74.3017443,-11.3386667,"Junin","Pangoa",2009-09-01,"marzo",NA,828
"496",59088,2022-06-15,2022-06-20,-74.4229875,-11.72044,"Junin","Pangoa",2011-08-02,"agosto",NA,1821.6
"497",57821,2022-06-11,2022-06-20,-74.517673,-11.4810665,"Junin","Pangoa",2011-01-20,"agosto",NA,1821.6
"498",58835,2022-06-15,2022-06-20,-74.4138107,-11.6850307,"Junin","Pangoa",2014-02-20,"marzo",NA,1932
"499",57318,2022-06-22,2022-06-24,-74.389919,-11.3594481,"Junín","Pangoa",2018-11-23,"septiembre",NA,2760
"500",57318,2022-06-22,2022-06-24,-74.3882091,-11.3593951,"Junín","Pangoa",2018-12-15,"septiembre",NA,80
"501",57318,2022-06-22,2022-06-24,-74.3810025,-11.3557105,"Junín","Pangoa",2016-11-19,"septiembre",NA,2097.6
"502",57318,2022-06-22,2022-06-24,-74.3842781,-11.3755315,"Junín","Pangoa",2015-11-28,"septiembre",NA,90
"503",57318,2022-06-22,2022-06-24,-74.3723298,-11.3598002,"Junín","Pangoa",2017-11-29,"septiembre",NA,69
"504",57066,2022-06-22,2022-06-27,-74.3138358,-11.3452876,"Junín","Pangoa",2015-12-11,"septiembre",NA,3312
"505",57066,2022-06-22,2022-06-27,-74.3233234,-11.3406325,"Junín","Pangoa",2016-10-14,"septiembre",NA,130
"506",57066,2022-06-22,2022-06-27,-74.3072007,-11.3231288,"Junín","Pangoa",2015-11-15,"septiembre",NA,230
"507",57066,2022-06-22,2022-06-27,-74.3062388,-11.3265125,"Junín","Pangoa",2015-11-14,"septiembre",NA,3036
"508",26362,2022-07-25,2022-07-25,-78.8873017,-5.2816411,"CJAMARCA","CHIRINOS",2016-07-25,"noviembre",NA,828
"509",26615,2022-07-27,2022-07-27,-78.8751317,-5.3249333,"Cajamarca","Chirinos",2019-03-08,"septiembre",NA,1380
"510",26615,2022-07-27,2022-07-27,-78.8767083,-5.3229367,"Cajamarca","Chirinos",2011-02-09,"septiembre",NA,1656
"511",26615,2022-07-27,2022-07-27,-78.881745,-5.317365,"Cajamarca","Chirinos",2012-06-13,"septiembre",NA,80
"512",26615,2022-07-27,2022-07-28,-78.8852383,-5.318735,"Cajamarca","Chirinos",2012-07-27,"noviembre",NA,1932
"513",26615,2022-07-30,2022-07-30,-78.88334,-5.3207417,"Cajamarca","Chirinos",2012-02-08,"septiembre",NA,1656
"514",26615,2022-07-30,2022-07-30,-78.8845433,-5.319525,"Cajamarca","Chirinos",2014-02-21,"septiembre",NA,1380
"515",26615,2022-07-30,2022-07-30,-78.8969033,-5.307555,"Cajamarca","Chirinos",2016-07-30,"septiembre",NA,90
"516",26362,2022-07-25,2022-08-01,-78.8823087,-5.2920804,"Cajamarca","Chirinos",2016-01-13,"septiembre",NA,2760
"517",26615,2022-08-01,2022-08-01,-78.89088,-5.3150117,"Cajamarca","Chirinos",2005-08-01,"septiembre",NA,1380
"518",26865,2022-07-28,2022-07-28,-79.01096,-5.3517717,"CAJAMARCA","LA COIPA",2016-10-06,"septiembre",NA,90
"519",26612,2022-07-28,2022-07-29,-79.0207777,-5.3386446,"CAJAMARCA","LA COIPA",2018-12-06,"octubre",NA,331.2
"520",26865,2022-07-27,2022-07-27,-79.0041214,-5.39571,"CAJAMARCA","LA COIPA",2014-07-27,"octubre",NA,1380
"521",26865,2022-07-27,2022-07-28,-79.0053731,-5.3963435,"CAJAMARCA","LA COIPA",2016-02-10,"octubre",NA,85
"522",26865,2022-07-29,2022-07-29,-79.0212591,-5.3552513,"CAJAMARCA","LA COIPA",2012-11-07,"octubre",NA,993.6
"523",26865,2022-07-29,2022-07-29,-79.0209795,-5.3554116,"CAJAMARCA","LA COIPA",2013-09-03,"septiembre",NA,95
"524",27119,2022-07-27,2022-07-28,-78.997373,-5.4120648,"CAJAMARCA","LA COIPA",2017-07-27,"agosto",NA,2760
"525",26865,2022-07-27,2022-07-27,-79.0056198,-5.3973134,"CAJAMARCA","LA COIPA",2010-07-27,"agosto",NA,150
"526",26865,2022-07-27,2022-07-27,-79.0050832,-5.3972775,"CAJAMARCA","LA COIPA",2008-07-27,"octubre",NA,1656
"527",26865,2022-07-28,2022-07-28,-79.0099234,-5.3822673,"CAJAMARCA","LA COIPA",2015-07-28,"octubre",NA,1932
"528",26865,2022-07-28,2022-07-31,-79.0197533,-5.3624941,"CAJAMARCA","LA COIPA",2017-05-17,"octubre",NA,2760
"529",26865,2022-07-28,2022-07-28,-79.0060574,-5.3514577,"CAJAMARCA","LA COIPA",2016-02-03,"octubre",NA,140
"530",26612,2022-07-28,2022-07-28,-79.0194761,-5.3341394,"CAJAMARCA","LA COIPA",2016-09-06,"octubre",NA,65
"531",26615,2022-07-27,2022-08-03,-78.8759758,-5.3238195,"Cajamarca","Chirinos",2010-07-27,"octubre",NA,65
"532",26615,2022-07-27,2022-07-27,-78.8809308,-5.3205825,"Cajamarca","Chirinos",2015-04-16,"octubre",NA,120
"533",26614,2022-08-02,2022-08-02,-78.9035417,-5.3050017,"Cajamarca","Chirinos",2012-08-02,"septiembre",NA,2208
"534",26615,2022-08-01,2022-08-02,-78.8840269,-5.3129623,"Cajamarca","Chirinos",2018-08-01,"septiembre",NA,1104
"535",26615,2022-08-01,2022-08-03,-78.882414,-5.313808,"Cajamarca","Chirinos",2015-08-23,"octubre",NA,1656
"536",26615,2022-08-01,2022-08-07,-78.8862994,-5.3154831,"Cajamarca","Chirinos",2010-08-13,"septiembre",NA,1380
"537",26614,2022-08-02,2022-08-04,-78.9003453,-5.3043997,"Cajamarca","Chirinos",2011-08-02,"noviembre",NA,1214.4
"538",26361,2022-08-03,2022-08-07,-78.9095231,-5.2995783,"Cajamarca","Chirinos",2010-08-03,"septiembre",NA,552
"539",26614,2022-08-03,2022-08-07,-78.9212451,-5.3202428,"Cajamarca","Chirinos",2018-08-19,"septiembre",NA,1932
"540",26614,2022-08-03,2022-08-07,-78.9382343,-5.3227816,"Cajamarca","Chirinos",2014-07-15,"agosto",NA,1656
"541",26614,2022-08-03,2022-08-07,-78.9389366,-5.327339,"Cajamarca","Chirinos",2007-08-03,"septiembre",NA,70
"542",26361,2022-08-04,2022-08-07,-78.9493985,-5.2977189,"Cajamarca","Chirinos",NA,"noviembre",NA,552
"543",26361,2022-08-02,2022-08-07,-78.9198644,-5.2908623,"Cajamarca","Chirinos",2018-08-27,"noviembre",NA,1380
"544",26360,2022-08-04,2022-08-07,-78.9691742,-5.2879881,"Cajamarca","Chirinos",2019-08-04,"septiembre",NA,0
"545",26361,2022-08-05,2022-08-07,-78.9441076,-5.2965736,"Cajamarca","Chirinos",NA,"octubre",NA,180
"546",26360,2022-08-05,2022-08-05,-78.9565723,-5.2860134,"Cajamarca","Chirinos",NA,"septiembre",NA,3036
"547",26360,2022-08-06,2022-08-07,-78.9691667,-5.2901217,"Cajamarca","Chirinos",NA,"noviembre",NA,1656
"548",26361,2022-08-04,2022-08-07,-78.9487434,-5.2979415,"Cajamarca","Chirinos",NA,"octubre",NA,1656
"549",26360,2022-08-06,2022-08-07,-78.972947,-5.2841362,"Cajamarca","Chirinos",2019-08-06,"septiembre",NA,0
"550",26614,2022-08-05,2022-08-05,-78.9460566,-5.3034961,"Cajamarca","Chirinos",NA,"septiembre",NA,2208
"551",26360,2022-08-05,2022-08-07,-78.9560564,-5.2855189,"Cajamarca","Chirinos",NA,"octubre",NA,1104
"552",26361,2022-08-05,2022-08-08,-78.9054428,-5.2873455,"Cajamarca","Chirinos",2020-08-05,"septiembre",NA,2760
"553",26361,2022-08-08,2022-08-08,-78.9337259,-5.2945741,"Cajamarca","Chirinos",2010-02-02,"septiembre",NA,1380
"554",26614,2022-08-08,2022-08-08,-78.9016238,-5.3036586,"Cajamarca","Chirinos",2017-08-08,"octubre",NA,130
"555",26361,2022-08-08,2022-08-08,-78.914179,-5.2881191,"Cajamarca","Chirinos",2017-08-07,"noviembre",NA,2760
"556",26361,2022-08-08,2022-08-08,-78.9130476,-5.2887457,"Cajamarca","Chirinos",2017-08-07,"octubre",NA,75
"557",26615,2022-08-08,2022-08-09,-78.896886,-5.3076347,"Cajamarca","Chirinos",NA,"octubre",NA,2208
"558",26361,2022-08-08,2022-08-09,-78.9159488,-5.2789076,"Cajamarca","Chirinos",NA,"septiembre",NA,1380
"559",26361,2022-08-09,2022-08-09,-78.9156342,-5.2782796,"Cajamarca","Chirinos",NA,"septiembre",NA,3312
"560",26615,2022-08-08,2022-08-09,-78.896847,-5.3077203,"Cajamarca","Chirinos",2015-08-08,"octubre",NA,3312
"561",26361,2022-08-08,2022-08-08,-78.9167416,-5.2879581,"Cajamarca","Chirinos",2019-08-05,"octubre",NA,80
"562",26108,2022-08-02,2022-08-08,-78.9058423,-5.2416377,"Cajamarca","Chirinos",2017-02-15,"octubre",NA,1656
"563",26615,2022-08-09,2022-08-09,-78.8866078,-5.3196629,"Cajamarca","Chirinos",NA,"septiembre",NA,2208
"564",26108,2022-08-02,2022-08-08,-78.9175947,-5.2371521,"Cajamarca","Chirinos",2019-03-06,"noviembre",NA,1656
"565",26108,2022-08-02,2022-08-08,-78.9169047,-5.2368492,"Cajamarca","Chirinos",2019-03-12,"octubre",NA,552
"566",27119,2022-07-25,2022-08-10,-78.9931396,-5.4031498,"CAJAMARCA","LA COIPA",2010-08-10,"septiembre",NA,3312
"567",26361,2022-08-04,2022-08-09,-78.9313964,-5.2836153,"CAJAMARCA","CHIRINOS",2016-08-04,"septiembre",NA,2484
"568",26361,2022-08-05,2022-08-09,-78.9293072,-5.2831252,"Cajamarca","Chirinos",2012-04-03,"septiembre",NA,828
"569",26615,2022-08-08,2022-08-08,-78.8783154,-5.322161,"Cajamarca","Chirinos",2016-04-13,"diciembre",NA,3312
"570",26360,2022-08-08,2022-08-08,-78.9639158,-5.2588197,"Cajamarca","Chirinos",2015-08-04,"noviembre",NA,1656
"571",26360,2022-08-08,2022-08-08,-78.9605886,-5.2734422,"Cajamarca","Chirinos",2015-08-08,"septiembre",NA,70
"572",26361,2022-08-09,2022-08-09,-78.9428753,-5.2797983,"Cajamarca","Chirinos",2012-08-09,"octubre",NA,90
"573",26360,2022-08-09,2022-08-09,-78.9504463,-5.2832429,"Cajamarca","Chirinos",2016-08-09,"septiembre",NA,2208
"574",26615,2022-08-09,2022-08-09,-78.89527,-5.305,"Cajamarca","Chirinos",2015-01-06,"octubre",NA,90
"575",26615,2022-08-10,2022-08-10,-78.8808425,-5.3028049,"Cajamarca","Chirinos",NA,"octubre",NA,2760
"576",26362,2022-08-10,2022-08-10,-78.8796383,-5.2990009,"Cajamarca","Chirinos",NA,"octubre",NA,828
"577",26361,2022-08-11,2022-08-11,-78.90285,-5.2801395,"Cajamarca","Chirinos",NA,"noviembre",NA,1656
"578",26361,2022-08-11,2022-08-11,-78.90456,-5.2824736,"Cajamarca","Chirinos",NA,"septiembre",NA,1380
"579",26615,2022-08-09,2022-08-13,-78.8983652,-5.3114751,"Cajamarca
","Chirinos",2007-01-15,"septiembre",NA,120
"580",26615,2022-08-09,2022-08-14,-78.8983682,-5.306187,"Cajamarca","Chirinos",2014-01-28,"septiembre",NA,2097.6
"581",26615,2022-08-11,2022-08-14,-78.8970144,-5.3113635,"San Ignacio","Chirinos",2017-08-11,"septiembre",NA,140
"582",26614,2022-08-09,2022-08-14,-78.9021248,-5.3182423,"Cajamarca","Chirinos",2006-11-15,"septiembre",NA,1214.4
"583",26615,2022-08-09,2022-08-14,-78.89625,-5.3105433,"Cajamarca","Chirinos",2007-11-26,"octubre",NA,100
"584",26615,2022-08-09,2022-08-14,-78.8969161,-5.3075872,"Cajamarca","Chirinos",2017-01-16,"octubre",NA,2649.6
"585",26615,2022-08-09,2022-08-14,-78.8969451,-5.3076713,"Cajamarca","Chirinos",2019-11-28,"septiembre",NA,993.6
"586",26615,2022-08-12,2022-08-14,-78.8928969,-5.3116636,"San Ignacio","Chirinos",2016-02-05,"julio",NA,2097.6
"587",26615,2022-08-09,2022-08-14,-78.8863698,-5.3394535,"Cajamarca","Chirinos",2013-08-05,"octubre",NA,2208
"588",26614,2022-08-09,2022-08-14,-78.9015952,-5.3035841,"Cajamarca","Chirinos",2014-08-09,"octubre",NA,1932
"589",26361,2022-08-09,2022-08-16,-78.9129094,-5.2887573,"Cajamarca","Chirinos",2018-08-06,"octubre",NA,1932
"590",26615,2022-08-09,2022-08-16,-78.89699,-5.3076238,"Cajamarca","Chirinos",2017-08-09,"octubre",NA,1932
"591",26613,2022-08-12,2022-08-12,-78.9506553,-5.3221392,"Cajamarca","Chirinos",NA,"octubre",NA,65
"592",26865,2022-08-11,2022-08-11,-79.0275267,-5.3568527,"CAJAMARCA","LA COIPA",2014-09-05,"octubre",NA,2208
"593",26865,2022-08-11,2022-08-11,-79.0259231,-5.3603818,"CAJAMARCA","LA COIPA",2010-08-11,"septiembre",NA,100
"594",26615,2022-08-15,2022-08-15,-78.8892319,-5.3137287,"Cajamarca","Chirinos",2016-03-16,"septiembre",NA,1656
"595",26615,2022-08-15,2022-08-15,-78.889196,-5.3136746,"Cajamarca","Chirinos",2012-08-15,"septiembre",NA,1269.6
"596",26614,2022-08-16,2022-08-16,-78.9008393,-5.3120441,"Cajamarca","Chirinos",NA,"septiembre",NA,441.6
"597",26614,2022-08-16,2022-08-17,-78.9024666,-5.3120401,"Cajamarca","Chirinos",NA,"septiembre",NA,95
"598",26613,2022-08-12,2022-08-17,-78.9505265,-5.3215747,"Cajamarca","Chirinos",NA,"septiembre",NA,1656
"599",26615,2022-08-16,2022-08-16,-78.8971855,-5.3075324,"Cajamarca","Chirinos",NA,"octubre",NA,662.4
"600",26614,2022-08-16,2022-08-16,-78.9003858,-5.3147658,"Cajamarca","Chirinos",NA,"octubre",NA,1545.6
"601",26613,2022-08-12,2022-08-17,-78.9519045,-5.3199683,"Cajamarca","Chirinos",NA,"octubre",NA,1380
"602",26615,2022-08-17,2022-08-17,-78.8995849,-5.3170162,"Cajamarca","Chirinos",NA,"septiembre",NA,1104
"603",26615,2022-08-09,2022-08-16,-78.8545217,-5.3024746,"Cajamarca","Chirinos",2012-08-06,"octubre",NA,1932
"604",26615,2022-08-09,2022-08-16,-78.8969779,-5.307559,"Cajamarca","Chirinos",2020-08-03,"septiembre",NA,828
"605",26108,2022-08-02,2022-08-12,-78.906053,-5.2417386,"Cajamarca","Chirinos",2018-02-08,"septiembre",NA,828
"606",26108,2022-08-03,2022-08-12,-78.9097592,-5.2410386,"Cajamarca","Chirinos",2014-08-12,"septiembre",NA,2208
"607",26108,2022-08-03,2022-08-12,-78.9085737,-5.2422526,"Cajamarca","Chirinos",2016-08-03,"septiembre",NA,2760
"608",26615,2022-08-09,2022-08-11,-78.8879396,-5.3041184,"Cajamarca","Chirinos",2017-02-08,"octubre",NA,1656
"609",26615,2022-08-11,2022-08-12,-78.8795942,-5.3037689,"Cajamarca","Chirinos",2015-12-01,"octubre",NA,938.4
"610",26360,2022-08-12,2022-08-12,-78.9617841,-5.2594889,"Cajamarca","Chirinos",2012-12-04,"septiembre",NA,1987.2
"611",26362,2022-08-15,2022-08-15,-78.8906848,-5.277076,"Cajamarca","Chirinos",2016-08-03,"septiembre",NA,2208
"612",26362,2022-08-15,2022-08-18,-78.8925121,-5.2737447,"Cajamarca","Chirinos",2018-08-07,"septiembre",NA,1932
"613",26362,2022-08-15,2022-08-18,-78.8939367,-5.27618,"Cajamarca","Chirinos",2017-05-02,"octubre",NA,1656
"614",26615,2022-08-16,2022-08-18,-78.8724544,-5.3031028,"Cajamarca","Chirinos",2007-06-05,"septiembre",NA,1656
"615",26362,2022-08-17,2022-08-18,-78.8939977,-5.2951568,"Cajamarca","Chirinos",2007-02-01,"octubre",NA,552
"616",26362,2022-08-17,2022-08-18,-78.8868231,-5.2823085,"Cajamarca","Chirinos",2014-05-06,"octubre",NA,2760
"617",26867,2022-08-18,2022-08-18,-78.9307689,-5.372132,"Cajamarca","Chirinos",2008-05-06,"octubre",NA,552
"618",26362,2022-08-15,2022-08-17,-78.896884,-5.2808923,"Cajamarca","Chirinos",2014-02-19,"septiembre",NA,1380
"619",26615,2022-08-16,2022-08-18,-78.889361,-5.3162364,"Cajamarca","Chirinos",2011-02-11,"septiembre",NA,828
"620",26615,2022-08-16,2022-08-16,-78.884867,-5.318624,"Cajamarca","Chirinos",2012-01-04,"septiembre",NA,1380
"621",26615,2022-07-27,2022-08-18,-78.87564,-5.324315,"Cajamarca","Chirinos",2012-03-07,"octubre",NA,80
"622",26615,2022-08-18,2022-08-19,-78.8950501,-5.3081719,"Cajamarca","Chirinos",2014-01-06,"octubre",NA,1932
"623",26613,2022-08-12,2022-08-19,-78.9527494,-5.3143714,"Cajamarca","Chirinos",2016-08-19,"octubre",NA,828
"624",26615,2022-08-17,2022-08-19,-78.8996298,-5.3040662,"Cajamarca","Chirinos",2016-08-17,"octubre",NA,1104
"625",26615,2022-08-10,2022-08-19,-78.8786398,-5.3040911,"Cajamarca","Chirinos",NA,"octubre",NA,1766.4
"626",26614,2022-08-18,2022-08-19,-78.9082221,-5.3241691,"Cajamarca","Chirinos",NA,"septiembre",NA,100
"627",26614,2022-08-09,2022-08-18,-78.9012504,-5.3015223,"Cajamarca","Chirinos",NA,"septiembre",NA,1104
"628",26615,2022-08-18,2022-08-19,-78.8987791,-5.3041013,"Cajamarca","Chirinos",NA,"septiembre",NA,993.6
"629",26361,2022-08-09,2022-08-19,-78.9051997,-5.2907619,"Cajamarca","Chirinos",NA,"septiembre",NA,1104
"630",26361,2022-08-10,2022-08-19,-78.9057518,-5.290986,"Cajamarca","Chirinos",NA,"septiembre",NA,993.6
"631",26615,2022-08-17,2022-08-19,-78.8788815,-5.3037129,"Cajamarca","Chirinos",NA,"octubre",NA,2208
"632",26614,2022-08-18,2022-08-19,-78.9049286,-5.3212669,"Cajamarca","Chirinos",NA,"septiembre",NA,552
"633",26615,2022-08-19,2022-08-19,-78.8988408,-5.3046396,"Cajamarca","Chirinos",2007-02-12,"septiembre",NA,1932
"634",26361,2022-08-19,2022-08-19,-78.9048288,-5.2931552,"Cajamarca","Chirinos",2019-12-02,"octubre",NA,1656
"635",26615,2022-08-19,2022-08-19,-78.89827,-5.3058366,"Cajamarca","Chirinos",2019-02-11,"octubre",NA,828
"636",26615,2022-08-16,2022-08-19,-78.8996225,-5.3050644,"Cajamarca","Chirinos",2009-01-12,"octubre",NA,1932
"637",26614,2022-08-18,2022-08-19,-78.9042746,-5.3196413,"Cajamarca","Chirinos",2018-01-23,"septiembre",NA,1159.2
"638",26361,2022-08-18,2022-08-19,-78.9006266,-5.284412,"Cajamarca","Chirinos",2009-10-05,"noviembre",NA,1104
"639",26614,2022-08-18,2022-08-19,-78.9003564,-5.3027884,"Cajamarca","Chirinos",2019-03-25,"septiembre",NA,1104
"640",26361,2022-08-18,2022-08-19,-78.9051137,-5.2909396,"Cajamarca","Chirinos",2018-01-07,"noviembre",NA,80
"641",26615,2022-08-16,2022-08-19,-78.8882973,-5.325951,"Cajamarca","Chirinos",2007-01-08,"octubre",NA,1380
"642",26615,2022-08-17,2022-08-19,-78.8982601,-5.3160915,"Cajamarca","Chirinos",2018-03-06,"septiembre",NA,90
"643",26614,2022-07-27,2022-07-28,-78.905999,-5.31017,"Cajamarca","Chirinos",2017-02-02,"octubre",NA,1269.6
"644",26108,2022-08-04,2022-08-21,-78.9266225,-5.2255594,"Cajamarca","Chirinos",2016-01-05,"octubre",NA,100
"645",26108,2022-08-04,2022-08-21,-78.9276567,-5.2424367,"Cajamarca","Chirinos",2013-08-04,"agosto",NA,90
